Type,v,w
straight,13,0.005900000000000001
straight,13,0.0054
straight,13,0.0054
straight,13,0.0054
straight,13,0.0054
straight,13,0.0054
straight,13,0.0054
straight,13,0.0054
straight,13,0.0054
straight,13,0.0054
straight,13,0.0054
straight,13,0.0054
straight,13,0.0054
straight,13,0.0054
straight,13,0.0054
straight,13,0.0054
straight,13,0.0054
straight,13,0.0054
straight,13,0.0054
straight,13,0.0054
straight,13,0.0054
straight,13,0.0054
straight,13,0.0054
straight,13,0.0054
straight,13,0.0054
straight,13,0.0054
straight,13,0.0054
straight,13,0.0054
straight,13,0.0054
straight,13,0.0054
straight,13,0.0054
straight,13,0.0054
straight,13,0.0054
straight,13,0.0054
straight,13,0.0054
straight,13,0.0054
straight,13,0.0054
straight,13,0.0054
straight,13,0.0054
straight,13,0.0054
straight,13,0.0054
straight,13,0.0054
straight,13,0.0054
straight,13,0.0054
straight,13,0.0054
straight,13,0.0054
straight,13,0.0054
straight,13,0.0054
straight,13,0.0054
straight,13,0.0054
straight,13,0.0054
straight,13,0.0054
straight,13,0.0054
straight,13,0.0054
straight,13,0.0054
straight,13,0.0054
straight,13,0.0054
straight,13,0.0054
straight,13,0.0054
straight,13,0.0054
straight,13,0.0054
straight,13,0.0054
straight,13,0.0054
straight,13,0.0054
straight,13,0.0054
straight,13,0.0054
straight,13,0.0054
straight,13,0.0054
straight,13,0.0054
straight,13,0.0054
straight,13,0.0054
straight,13,0.0054
straight,13,0.0054
straight,13,0.0054
straight,13,0.0054
straight,13,0.0054
straight,13,0.0054
straight,13,0.0054
straight,13,0.0054
straight,13,0.0054
straight,13,0.0054
straight,13,0.0054
straight,13,0.0054
straight,13,0.0054
straight,13,0.0054
straight,13,0.0054
straight,13,0.0054
straight,13,0.0054
straight,13,0.0054
straight,13,0.0054
straight,13,0.0054
straight,13,0.0054
straight,13,0.0054
straight,13,0.0054
straight,13,0.0054
straight,13,0.0054
straight,13,0.0054
straight,13,0.0054
straight,13,0.0054
straight,13,0.0054
straight,13,0.0054
straight,13,0.0054
straight,13,0.0054
straight,13,0.0054
straight,13,0.0054
straight,13,0.0054
straight,13,0.0054
straight,13,0.0054
straight,13,0.0054
straight,13,0.0054
straight,13,0.0054
straight,13,0.0054
straight,13,0.0054
straight,13,0.0054
straight,13,0.0054
straight,13,0.0054
straight,13,0.0054
straight,13,0.0054
straight,13,0.0054
straight,13,0.0054
straight,13,0.0054
straight,13,-0.015250000000000001
straight,13,-0.013500000000000002
curve,5,-0.3589
curve,5,-0.34
curve,5,-0.9076
curve,5,-0.87435
exception,5,-1.3017499999999997
exception,5,-1.2674999999999998
exception,5,-1.5675
exception,5,-1.5487499999999998
exception,5,-1.5907499999999999
exception,5,-1.573
exception,5,-1.8074999999999999
exception,5,-1.7907499999999998
exception,5,-1.94125
exception,5,-1.9304999999999999
exception,5,-2.0144999999999995
exception,5,-2.0084999999999997
exception,5,-2.054
exception,5,-2.05075
exception,5,-2.04025
exception,5,-2.041
exception,5,-1.9745
exception,5,-1.97925
exception,5,-1.87075
exception,5,-1.8784999999999998
exception,5,-1.6055
exception,5,-1.625
exception,5,-1.2994999999999999
exception,5,-1.3227499999999999
exception,5,-1.0495
exception,5,-1.0745
exception,5,-0.6995
exception,5,-0.7245
curve,5,-0.38425
curve,5,-0.40875
curve,5,-0.048749999999999995
curve,5,-0.07125
curve,5,0.24855
curve,5,0.23054999999999998
curve,5,0.5459
curve,5,0.53
curve,5,0.5990999999999999
curve,5,0.5915999999999999
curve,5,0.54825
curve,5,0.548
curve,5,0.45025000000000004
curve,5,0.456
curve,5,0.2775
curve,5,0.28800000000000003
curve,5,0.05850000000000001
curve,5,0.07200000000000001
curve,5,-0.2207
curve,5,-0.20445
curve,5,-0.5742
curve,5,-0.555
curve,5,-0.8995
curve,5,-0.88
curve,5,-1.014
curve,5,-1.0005
curve,5,-1.0005
curve,5,-1.1706999999999999
curve,5,-1.1614499999999999
curve,5,-1.1572500000000001
curve,5,-1.1520000000000001
straight,9,-0.7434
exception,5,-1.1404999999999998
exception,5,-1.14
exception,5,-1.1079999999999999
exception,5,-1.1099999999999999
exception,5,-1.1099999999999999
exception,5,-1.05
exception,5,-1.05375
curve,5,-1.0305
curve,5,-1.036
curve,5,-0.92125
curve,5,-0.928
curve,5,-0.792
curve,5,-0.8
curve,5,-0.64275
curve,5,-0.652
curve,5,-0.48625
curve,5,-0.496
curve,5,-0.37379999999999997
curve,5,-0.3828
curve,5,-0.2593
curve,5,-0.2668
curve,5,-0.2158
curve,5,-0.22
curve,5,-0.2518
curve,5,-0.25
curve,5,-0.35600000000000004
curve,5,-0.35000000000000003
curve,5,-0.5143
curve,5,-0.505
curve,5,-0.6586
curve,5,-0.6486
curve,5,-0.8433499999999999
curve,5,-0.83085
curve,5,-1.10225
curve,5,-1.0875
straight,9,-0.7907
straight,9,-0.7742
exception,5,-1.485
exception,5,-1.46625
exception,5,-1.7502499999999999
exception,5,-1.7325
exception,5,-1.9284999999999999
exception,5,-1.898
missing,-0.6,-1
missing,-0.6,-1
missing,-0.6,-1
missing,-0.6,-1
missing,-0.6,-1
missing,-0.6,-1
missing,-0.6,-1
missing,-0.6,-1
missing,-0.6,-1
missing,-0.6,-1
missing,-0.6,-1
missing,-0.6,-1
missing,-0.6,-1
missing,-0.6,-1
missing,-0.6,-1
missing,-0.6,-1
missing,-0.6,-1
missing,-0.6,-1
exception,5,-2.0555
exception,5,-2.04425
exception,5,-1.9952499999999997
exception,5,-1.9987499999999998
exception,5,-1.92875
exception,5,-1.9337499999999999
exception,5,-1.7482499999999999
exception,5,-1.7614999999999998
exception,5,-1.4675
exception,5,-1.4885
exception,5,-1.24675
exception,5,-1.2705
exception,5,-0.8955
exception,5,-0.9205
exception,5,-0.538
exception,5,-0.5635
curve,5,-0.20375
curve,5,-0.22874999999999998
curve,5,0.10450000000000001
curve,5,0.084
curve,5,0.42155
curve,5,0.4048
curve,5,0.6182
curve,5,0.6072
curve,5,0.6569999999999999
curve,5,0.6525
curve,5,0.6525
curve,5,0.5575000000000001
curve,5,0.56
curve,5,0.4155
curve,5,0.424
curve,5,0.20299999999999999
curve,5,0.216
curve,5,-0.04325
curve,5,-0.028
curve,5,-0.36685
curve,5,-0.3496
curve,5,-0.7404
curve,5,-0.72
curve,5,-0.9728
curve,5,-0.9568
curve,5,-1.1256
curve,5,-1.1136
curve,5,-1.2608
curve,5,-1.2528
straight,9,-0.7488
straight,9,-0.7448
straight,9,-0.7448
straight,9,-0.7448
exception,5,-1.26
exception,5,-1.2525
exception,5,-1.5725
exception,5,-1.5525
exception,5,-1.5065
exception,5,-1.4949999999999999
exception,5,-1.4215
exception,5,-1.42675
exception,5,-1.49025
exception,5,-1.5
exception,5,-1.312
exception,5,-1.32375
exception,5,-1.07575
exception,5,-1.09125
exception,5,-0.8392499999999999
exception,5,-0.855
curve,5,-0.631
curve,5,-0.645
curve,5,-0.5775
curve,5,-0.584
curve,5,-0.5415000000000001
curve,5,-0.544
curve,5,-0.527
curve,5,-0.528
curve,5,-0.528
curve,5,-0.5025000000000001
curve,5,-0.504
curve,5,-0.487
curve,5,-0.488
curve,5,-0.47100000000000003
curve,5,-0.455
curve,5,-0.456
curve,5,-0.456
curve,5,-0.439
curve,5,-0.41875
curve,5,-0.42
curve,5,-0.39875000000000005
curve,5,-0.4
curve,5,-0.4
curve,5,-0.383
curve,5,-0.384
curve,5,-0.3585
curve,5,-0.36
curve,5,-0.3345
curve,5,-0.336
curve,5,-0.3105
curve,5,-0.312
curve,5,-0.278
curve,5,-0.28
curve,5,-0.246
curve,5,-0.248
curve,5,-0.20550000000000002
curve,5,-0.20800000000000002
curve,5,-0.1655
curve,5,-0.168
curve,5,-0.1275
curve,5,-0.1305
curve,5,-0.07529999999999999
curve,5,-0.0783
curve,5,-0.0231
curve,5,-0.026099999999999998
curve,5,0.0306
curve,5,0.0276
curve,5,0.0858
curve,5,0.0828
curve,5,0.1536
curve,5,0.15
curve,5,0.19240000000000002
curve,5,0.19
curve,5,0.2165
curve,5,0.215
straight,13,0.11905
straight,13,0.1188
straight,13,0.1129
straight,13,0.1134
curve,5,0.2736
curve,5,0.27
curve,5,0.3551
curve,5,0.3496
curve,5,0.3398
curve,5,0.3393
curve,5,0.3163
curve,5,0.31755
curve,5,0.29455
curve,5,0.29579999999999995
curve,5,0.2774
curve,5,0.2784
curve,5,0.27985000000000004
curve,5,0.2806
curve,5,0.26605
curve,5,0.2668
curve,5,0.2571
curve,5,0.2576
curve,5,0.25275000000000003
curve,5,0.253
curve,5,0.24815
curve,5,0.2484
curve,5,0.2387
curve,5,0.2392
curve,5,0.23435
curve,5,0.2346
curve,5,0.22974999999999998
curve,5,0.22999999999999998
curve,5,0.22999999999999998
curve,5,0.22999999999999998
curve,5,0.2203
curve,5,0.2208
curve,5,0.2208
curve,5,0.2208
curve,5,0.2208
curve,5,0.2208
curve,5,0.2111
curve,5,0.2116
curve,5,0.2116
curve,5,0.2116
curve,5,0.2116
curve,5,0.2116
curve,5,0.20675
curve,5,0.207
curve,5,0.20215
curve,5,0.2024
curve,5,0.2024
curve,5,0.2024
curve,5,0.19755
curve,5,0.1978
curve,5,0.1978
curve,5,0.19294999999999998
curve,5,0.19319999999999998
curve,5,0.19319999999999998
curve,5,0.19319999999999998
curve,5,0.19319999999999998
curve,5,0.19319999999999998
curve,5,0.18835
curve,5,0.1886
curve,5,0.18375
curve,5,0.184
curve,5,0.184
curve,5,0.184
curve,5,0.184
curve,5,0.184
curve,5,0.17915
curve,5,0.1794
curve,5,0.17455
curve,5,0.1748
curve,5,0.1748
curve,5,0.1748
curve,5,0.1748
curve,5,0.2039
curve,5,0.2024
curve,5,0.2897
curve,5,0.2852
curve,5,0.41614999999999996
curve,5,0.4094
curve,5,0.56195
curve,5,0.55245
curve,5,0.7778499999999999
curve,5,0.7656
curve,5,1.0324
curve,5,1.0179
straight,9,0.7542
straight,9,0.7374499999999999
exception,5,1.41275
exception,5,1.395
exception,5,1.695
exception,5,1.67625
exception,5,1.89025
exception,5,1.859
missing,-0.6,1
missing,-0.6,1
missing,-0.6,1
missing,-0.6,1
missing,-0.6,1
missing,-0.6,1
missing,-0.6,1
missing,-0.6,1
missing,-0.6,1
missing,-0.6,1
missing,-0.6,1
missing,-0.6,1
missing,-0.6,1
missing,-0.6,1
exception,5,2.0654999999999997
exception,5,2.05075
exception,5,1.9912499999999997
exception,5,1.9954999999999998
exception,5,1.9359999999999997
exception,5,1.9402499999999998
exception,5,1.85275
exception,5,1.859
exception,5,1.5999999999999999
exception,5,1.6184999999999998
exception,5,1.3245
exception,5,1.3455
exception,5,1.07775
exception,5,1.1025
exception,5,0.6975
exception,5,0.7245
curve,5,0.34025
curve,5,0.3675
curve,5,-0.0605
curve,5,-0.03375
curve,5,-0.47304999999999997
curve,5,-0.4508
curve,5,-0.7224
curve,5,-0.7084
curve,5,-0.7803
curve,5,-0.7743
curve,5,-0.6737500000000001
curve,5,-0.676
curve,5,-0.51875
curve,5,-0.528
curve,5,-0.29
curve,5,-0.304
curve,5,-0.006499999999999999
curve,5,-0.024
curve,5,0.3373
curve,5,0.31755
straight,13,0.44195
straight,13,0.4212
curve,5,1.0959
curve,5,1.0764
exception,5,1.58625
exception,5,1.548
exception,5,1.8772499999999999
exception,5,1.833
exception,5,1.8995
exception,5,1.89475
exception,5,1.88075
exception,5,1.8817499999999998
exception,5,1.77325
exception,5,1.781
exception,5,1.6059999999999999
exception,5,1.6184999999999998
exception,5,1.398
exception,5,1.4137499999999998
exception,5,1.35525
exception,5,1.3725
exception,5,1.01475
exception,5,1.0325
exception,5,0.81025
exception,5,0.82875
curve,5,0.6487499999999999
curve,5,0.6599999999999999
curve,5,0.5880000000000001
curve,5,0.5925
curve,5,0.598
curve,5,0.6
curve,5,0.5745000000000001
curve,5,0.5760000000000001
curve,5,0.5505000000000001
curve,5,0.552
curve,5,0.5265000000000001
curve,5,0.528
curve,5,0.511
curve,5,0.512
curve,5,0.4865
curve,5,0.488
curve,5,0.454
curve,5,0.456
curve,5,0.4305
curve,5,0.432
curve,5,0.398
curve,5,0.4
curve,5,0.366
curve,5,0.368
curve,5,0.3255
curve,5,0.328
curve,5,0.277
curve,5,0.28
curve,5,0.229
curve,5,0.232
curve,5,0.1725
curve,5,0.176
curve,5,0.127
curve,5,0.1305
curve,5,0.06609999999999999
curve,5,0.0696
curve,5,-0.004
curve,5,-0.0
curve,5,-0.0679
curve,5,-0.0644
curve,5,-0.1336
curve,5,-0.13
curve,5,-0.183
curve,5,-0.18
curve,5,-0.2118
curve,5,-0.21
straight,13,-0.1193
straight,13,-0.1188
straight,13,-0.1129
straight,13,-0.1134
curve,5,-0.2842
curve,5,-0.28
curve,5,-0.3837
curve,5,-0.3772
curve,5,-0.3843
curve,5,-0.3828
curve,5,-0.346
curve,5,-0.348
curve,5,-0.32039999999999996
curve,5,-0.32189999999999996
curve,5,-0.2989
curve,5,-0.30015
curve,5,-0.28635
curve,5,-0.28709999999999997
curve,5,-0.2733
curve,5,-0.27404999999999996
curve,5,-0.26485
curve,5,-0.26535
curve,5,-0.25615
curve,5,-0.25665
curve,5,-0.25205
curve,5,-0.25229999999999997
curve,5,-0.24309999999999998
curve,5,-0.24359999999999998
curve,5,-0.24359999999999998
curve,5,-0.24359999999999998
curve,5,-0.2344
curve,5,-0.2349
curve,5,-0.2349
curve,5,-0.2349
curve,5,-0.22569999999999998
curve,5,-0.22619999999999998
curve,5,-0.22619999999999998
curve,5,-0.22619999999999998
curve,5,-0.2216
curve,5,-0.22185
curve,5,-0.21724999999999997
curve,5,-0.21749999999999997
curve,5,-0.21749999999999997
curve,5,-0.21749999999999997
curve,5,-0.20829999999999999
curve,5,-0.20879999999999999
curve,5,-0.20879999999999999
curve,5,-0.20879999999999999
curve,5,-0.20879999999999999
curve,5,-0.20879999999999999
curve,5,-0.2042
curve,5,-0.20445
curve,5,-0.19985
curve,5,-0.2001
curve,5,-0.2001
curve,5,-0.2001
curve,5,-0.19549999999999998
curve,5,-0.19574999999999998
curve,5,-0.19115
curve,5,-0.1914
curve,5,-0.1914
curve,5,-0.2024
curve,5,-0.2024
curve,5,-0.19755
curve,5,-0.1978
curve,5,-0.19294999999999998
curve,5,-0.19319999999999998
curve,5,-0.19319999999999998
curve,5,-0.19319999999999998
curve,5,-0.18835
curve,5,-0.1886
curve,5,-0.18375
curve,5,-0.184
curve,5,-0.184
curve,5,-0.184
curve,5,-0.17915
curve,5,-0.1794
curve,5,-0.17455
curve,5,-0.1748
curve,5,-0.1748
curve,5,-0.1748
curve,5,-0.1651
curve,5,-0.1656
curve,5,-0.1656
curve,5,-0.1656
curve,5,-0.16075
curve,5,-0.161
curve,5,-0.15614999999999998
curve,5,-0.15639999999999998
curve,5,-0.15639999999999998
curve,5,-0.15639999999999998
curve,5,-0.1467
curve,5,-0.1472
curve,5,-0.1472
curve,5,-0.1472
curve,5,-0.1375
curve,5,-0.138
curve,5,-0.138
curve,5,-0.138
curve,5,-0.1283
curve,5,-0.1288
curve,5,-0.1288
curve,5,-0.1288
curve,5,-0.1191
curve,5,-0.1196
curve,5,-0.1196
curve,5,-0.1196
curve,5,-0.1099
curve,5,-0.1104
curve,5,-0.10555
curve,5,-0.1058
curve,5,-0.10095
curve,5,-0.1012
curve,5,-0.0915
curve,5,-0.092
curve,5,-0.0823
curve,5,-0.0828
curve,5,-0.0828
curve,5,-0.0828
curve,5,-0.0731
curve,5,-0.0736
curve,5,-0.0694
curve,5,-0.07
curve,5,-0.06470000000000001
curve,5,-0.065
curve,5,-0.059699999999999996
curve,5,-0.06
curve,5,-0.0494
curve,5,-0.05
curve,5,-0.0394
curve,5,-0.04
curve,5,-0.0347
curve,5,-0.035
curve,5,-0.029699999999999997
curve,5,-0.03
curve,5,-0.0194
curve,5,-0.02
curve,5,-0.0147
curve,5,-0.015
curve,5,-0.0097
curve,5,-0.01
curve,5,0.0006
curve,5,-0.0
curve,5,0.0053
curve,5,0.005
curve,5,0.0103
curve,5,0.01
curve,5,0.01
curve,5,0.01
curve,5,0.0206
curve,5,0.02
curve,5,0.02
curve,5,0.02
curve,5,0.025300000000000003
curve,5,0.025
curve,5,0.025
curve,5,0.0303
curve,5,0.03
curve,5,0.03
curve,5,0.03
curve,5,0.035300000000000005
curve,5,0.035
curve,5,0.035
curve,5,0.035
curve,5,0.035
curve,5,0.0403
curve,5,0.04
curve,5,0.04
curve,5,0.04
curve,5,0.04
curve,5,0.04
curve,5,0.04
curve,5,0.04
curve,5,0.04
curve,5,0.04
curve,5,0.04
curve,5,0.0453
curve,5,0.045
curve,5,0.045
curve,5,0.045
curve,5,0.045
straight,13,0.024300000000000002
straight,13,0.024300000000000002
straight,13,0.024300000000000002
curve,5,0.045
straight,13,0.03315
straight,13,0.0324
straight,13,0.0324
straight,13,0.04125
straight,13,0.0405
straight,13,0.049350000000000005
straight,13,0.048600000000000004
curve,5,0.10060000000000001
curve,5,0.1
curve,5,0.1106
curve,5,0.11
curve,5,0.1047
curve,5,0.105
curve,5,0.09970000000000001
curve,5,0.1
curve,5,0.1
curve,5,0.1
curve,5,0.1
curve,5,0.1
curve,5,0.0947
curve,5,0.095
curve,5,0.095
curve,5,0.095
curve,5,0.0897
curve,5,0.09
curve,5,0.09
curve,5,0.09
curve,5,0.09
curve,5,0.09
curve,5,0.08470000000000001
curve,5,0.085
curve,5,0.085
curve,5,0.085
curve,5,0.07970000000000001
curve,5,0.08
curve,5,0.08
curve,5,0.08
curve,5,0.08
curve,5,0.0906
curve,5,0.14300000000000002
curve,5,0.14
curve,5,0.14
curve,5,0.2619
curve,5,0.4193
curve,5,0.41000000000000003
curve,5,0.6379
curve,5,0.625
curve,5,0.77835
curve,5,0.7656
curve,5,1.037
curve,5,1.0222499999999999
curve,5,1.2205
curve,5,1.204
curve,5,1.204
exception,5,1.40475
exception,5,1.6714999999999998
exception,5,1.6537499999999998
exception,5,1.6537499999999998
exception,5,1.70275
exception,5,1.8969999999999998
exception,5,1.8817499999999998
exception,5,1.96925
exception,5,1.9629999999999999
exception,5,2.0084999999999997
exception,5,2.0052499999999998
exception,5,1.99125
exception,5,1.9922499999999999
exception,5,1.9257499999999999
exception,5,1.9304999999999999
exception,5,1.7834999999999999
exception,5,1.7939999999999998
exception,5,1.5384999999999998
exception,5,1.5567499999999999
exception,5,1.5567499999999999
exception,5,1.26275
exception,5,1.28375
exception,5,1.0525
exception,5,1.0745
exception,5,0.7145
exception,5,0.7385
curve,5,0.38725
curve,5,0.4125
curve,5,0.012499999999999997
curve,5,0.0375
curve,5,-0.4002
curve,5,-0.3772
curve,5,-0.7458
curve,5,-0.7268
curve,5,-0.8614999999999999
curve,5,-0.848
straight,9,-0.5841999999999999
straight,9,-0.5781999999999999
straight,9,-0.5512
straight,9,-0.5537
curve,5,-0.6795
curve,5,-0.69
curve,5,-0.40199999999999997
curve,5,-0.42
curve,5,0.072
curve,5,0.041249999999999995
curve,5,0.749
curve,5,0.713
curve,5,1.36775
curve,5,1.334
straight,9,1.0723
straight,9,1.0388
exception,5,2.087
exception,5,2.064
exception,5,1.964
exception,5,1.9435
missing,-0.6,1
missing,-0.6,1
exception,5,2.052
exception,5,2.04425
exception,5,1.97075
exception,5,1.976
exception,5,1.9235
exception,5,1.92725
exception,5,1.76275
exception,5,1.7745
exception,5,1.5155
exception,5,1.534
exception,5,1.275
exception,5,1.2934999999999999
exception,5,1.1980000000000002
exception,5,1.211
exception,5,1.07975
exception,5,1.0885
exception,5,0.9835
exception,5,0.9905
exception,5,0.8855000000000001
exception,5,0.8925000000000001
exception,5,0.76875
exception,5,0.777
exception,5,0.612
exception,5,0.623
curve,5,0.45149999999999996
curve,5,0.46499999999999997
curve,5,0.21299999999999997
curve,5,0.22874999999999998
curve,5,-0.04325
curve,5,-0.02625
curve,5,-0.32484999999999997
curve,5,-0.30884999999999996
curve,5,-0.6518
curve,5,-0.635
curve,5,-0.8575999999999999
curve,5,-0.845
curve,5,-0.8363499999999999
curve,5,-0.83085
curve,5,-0.82165
curve,5,-0.8221499999999999
curve,5,-0.8221499999999999
curve,5,-0.67525
curve,5,-0.5185000000000001
curve,5,-0.528
curve,5,-0.528
curve,5,-0.4175
curve,5,-0.424
curve,5,-0.4105
curve,5,-0.41324999999999995
curve,5,-0.40865
curve,5,-0.4089
curve,5,-0.43649999999999994
curve,5,-0.43499999999999994
curve,5,-0.49019999999999997
curve,5,-0.48719999999999997
curve,5,-0.5245
curve,5,-0.52
curve,5,-0.605
curve,5,-0.6
curve,5,-0.7104999999999999
curve,5,-0.704
curve,5,-0.8315
curve,5,-0.8240000000000001
curve,5,-0.9557500000000001
curve,5,-0.9480000000000001
straight,9,-0.6724499999999999
straight,9,-0.6639499999999999
exception,5,-1.14825
exception,5,-1.14
exception,5,-1.376
exception,5,-1.3612499999999998
exception,5,-1.38625
exception,5,-1.3715
exception,5,-1.466
exception,5,-1.45925
exception,5,-1.51175
exception,5,-1.508
exception,5,-1.508
exception,5,-1.508
exception,5,-1.4204999999999999
exception,5,-1.42675
exception,5,-1.26575
exception,5,-1.27725
exception,5,-1.1355
exception,5,-1.1515
exception,5,-0.8665
exception,5,-0.8855000000000001
exception,5,-0.5892499999999999
exception,5,-0.609
curve,5,-0.32449999999999996
curve,5,-0.345
curve,5,-0.03699999999999999
curve,5,-0.056249999999999994
curve,5,0.24755
curve,5,0.23054999999999998
curve,5,0.23054999999999998
curve,5,0.5512
curve,5,0.66195
curve,5,0.6532
curve,5,0.7097
curve,5,0.7047
curve,5,0.6565
curve,5,0.656
curve,5,0.656
curve,5,0.5497500000000001
curve,5,0.556
curve,5,0.39025000000000004
curve,5,0.4
curve,5,0.18325
curve,5,0.196
curve,5,-0.07665
curve,5,-0.060899999999999996
straight,13,-0.24135
straight,13,-0.22410000000000002
curve,5,-0.7212999999999999
curve,5,-0.7038
curve,5,-0.9783499999999999
curve,5,-0.9613499999999999
exception,5,-1.2727499999999998
exception,5,-1.2449999999999999
exception,5,-1.4849999999999999
exception,5,-1.456
exception,5,-1.547
exception,5,-1.5405
exception,5,-1.544
exception,5,-1.54375
exception,5,-1.4597499999999999
exception,5,-1.4657499999999999
exception,5,-1.29775
exception,5,-1.30975
exception,5,-1.1705
exception,5,-1.1865
exception,5,-0.8865
exception,5,-0.9065
exception,5,-0.5652499999999999
exception,5,-0.588
curve,5,-0.23800000000000002
curve,5,-0.2625
curve,5,0.14925
curve,5,0.124
curve,5,0.6532
curve,5,0.625
curve,5,0.9301499999999999
curve,5,0.9091499999999999
straight,9,0.6794499999999999
straight,9,0.6639499999999999
exception,5,1.12025
exception,5,1.11375
exception,5,1.13775
exception,5,1.13625
exception,5,0.9930000000000001
exception,5,0.9975
exception,5,0.78
exception,5,0.7945
curve,5,0.54725
curve,5,0.56625
curve,5,0.21425
curve,5,0.23625
curve,5,-0.12775
curve,5,-0.105
curve,5,-0.545
curve,5,-0.522
curve,5,-1.0505
curve,5,-1.025
curve,5,-1.2045499999999998
curve,5,-1.1875499999999999
straight,9,-0.77415
straight,9,-0.7644
exception,5,-1.2179999999999997
exception,5,-1.2149999999999999
exception,5,-1.343
exception,5,-1.335
exception,5,-1.4629999999999999
exception,5,-1.4549999999999998
exception,5,-1.351
exception,5,-1.3575
exception,5,-1.1735
exception,5,-1.185
exception,5,-0.8772500000000001
exception,5,-0.8925000000000001
curve,5,-0.68025
curve,5,-0.6975
curve,5,-0.4255
curve,5,-0.4425
curve,5,-0.1915
curve,5,-0.20800000000000002
curve,5,0.0406
curve,5,0.026099999999999998
curve,5,0.2897
curve,5,0.275
curve,5,0.42274999999999996
curve,5,0.414
curve,5,0.414
curve,5,0.4743
curve,5,0.432
curve,5,0.432
curve,5,0.432
curve,5,0.364
curve,5,0.368
curve,5,0.2575
curve,5,0.264
curve,5,0.1195
curve,5,0.128
curve,5,-0.054
curve,5,-0.0435
curve,5,-0.25455
curve,5,-0.2438
curve,5,-0.4929
curve,5,-0.48
curve,5,-0.6761
curve,5,-0.665
curve,5,-0.7476
curve,5,-0.7406
curve,5,-0.76935
curve,5,-0.7656
curve,5,-0.7794
curve,5,-0.77865
curve,5,-0.75105
curve,5,-0.7525499999999999
curve,5,-0.69275
curve,5,-0.696
curve,5,-0.6132
curve,5,-0.6176999999999999
curve,5,-0.5165000000000001
curve,5,-0.522
curve,5,-0.4346
curve,5,-0.43934999999999996
curve,5,-0.41174999999999995
curve,5,-0.41324999999999995
curve,5,-0.4362499999999999
curve,5,-0.43499999999999994
curve,5,-0.504
curve,5,-0.50025
curve,5,-0.5784499999999999
curve,5,-0.5741999999999999
curve,5,-0.613
curve,5,-0.608
curve,5,-0.6930000000000001
curve,5,-0.6880000000000001
curve,5,-0.77725
curve,5,-0.772
curve,5,-0.8654999999999999
curve,5,-0.86
curve,5,-0.94925
curve,5,-0.9440000000000001
exception,5,-0.965
exception,5,-0.96
exception,5,-1.028
exception,5,-1.02375
exception,5,-1.08775
exception,5,-1.08375
exception,5,-1.1317499999999998
exception,5,-1.12875
exception,5,-1.12875
exception,5,-1.14475
exception,5,-1.0375
exception,5,-1.0395
exception,5,-0.95325
exception,5,-0.9590000000000001
exception,5,-0.9590000000000001
exception,5,-0.8165000000000001
exception,5,-0.6769999999999999
exception,5,-0.69
exception,5,-0.69
curve,5,-0.43399999999999994
curve,5,-0.44999999999999996
curve,5,-0.182
curve,5,-0.19874999999999998
curve,5,0.094
curve,5,0.076
curve,5,0.4366
curve,5,0.41859999999999997
curve,5,0.8048000000000001
curve,5,0.785
curve,5,0.92675
curve,5,0.9135
curve,5,0.9844999999999999
curve,5,0.976
curve,5,1.0015
curve,5,1.0
curve,5,0.9277500000000001
curve,5,0.932
curve,5,0.7705000000000001
curve,5,0.78
curve,5,0.5505000000000001
curve,5,0.5640000000000001
curve,5,0.27075000000000005
curve,5,0.28800000000000003
curve,5,-0.050199999999999995
curve,5,-0.030449999999999998
straight,13,-0.26375000000000004
straight,13,-0.24300000000000002
curve,5,-0.7595
curve,5,-0.7394999999999999
curve,5,-0.986
curve,5,-0.968
exception,5,-1.3195
exception,5,-1.29375
exception,5,-1.4537499999999999
exception,5,-1.43
exception,5,-1.5105
exception,5,-1.50475
exception,5,-1.4942499999999999
exception,5,-1.4949999999999999
exception,5,-1.39
exception,5,-1.3975
exception,5,-1.29875
exception,5,-1.3125
exception,5,-1.0275
exception,5,-1.0465
exception,5,-0.6940000000000001
exception,5,-0.7175
curve,5,-0.34075
curve,5,-0.3675
curve,5,0.10049999999999999
curve,5,0.07125
curve,5,0.6346499999999999
curve,5,0.6046499999999999
curve,5,1.1631999999999998
curve,5,1.1361999999999999
curve,5,1.42865
curve,5,1.4094
exception,5,1.315
exception,5,1.3087499999999999
exception,5,1.24875
exception,5,1.2525
exception,5,1.0925
exception,5,1.1025
exception,5,0.8825
exception,5,0.89625
curve,5,0.64025
curve,5,0.65625
curve,5,0.35625
curve,5,0.375
curve,5,0.06425
curve,5,0.084
curve,5,-0.2817
curve,5,-0.2622
curve,5,-0.656
curve,5,-0.635
curve,5,-0.8100499999999999
curve,5,-0.7960499999999999
curve,5,-0.88925
curve,5,-0.88
curve,5,-0.9437500000000001
curve,5,-0.9400000000000001
curve,5,-0.9400000000000001
curve,5,-0.9400000000000001
curve,5,-0.8212499999999999
curve,5,-0.825
curve,5,-0.713
curve,5,-0.72
curve,5,-0.58
curve,5,-0.58875
curve,5,-0.42475
curve,5,-0.435
curve,5,-0.28125
curve,5,-0.292
curve,5,-0.10925
curve,5,-0.12
curve,5,0.0535
curve,5,0.0435
curve,5,0.24080000000000001
curve,5,0.23
straight,13,0.195
straight,13,0.189
curve,5,0.4348
curve,5,0.43
curve,5,0.46609999999999996
curve,5,0.46109999999999995
curve,5,0.4665
curve,5,0.464
curve,5,0.37475
curve,5,0.38
curve,5,0.27065
curve,5,0.2784
curve,5,0.11279999999999998
curve,5,0.12179999999999999
curve,5,0.12179999999999999
curve,5,-0.0652
straight,13,-0.14450000000000002
straight,13,-0.135
straight,13,-0.135
curve,5,-0.4822
curve,5,-0.4692
curve,5,-0.74375
curve,5,-0.724
curve,5,-0.9450000000000001
curve,5,-0.932
curve,5,-0.8817499999999999
curve,5,-0.88125
curve,5,-0.80925
curve,5,-0.81375
curve,5,-0.68175
curve,5,-0.69
curve,5,-0.5179999999999999
curve,5,-0.5287499999999999
curve,5,-0.37275
curve,5,-0.384
curve,5,-0.18425
curve,5,-0.196
curve,5,-0.006149999999999999
curve,5,-0.0174
curve,5,0.18530000000000002
curve,5,0.1748
straight,13,0.19405000000000003
straight,13,0.18630000000000002
curve,5,0.46690000000000004
curve,5,0.46
curve,5,0.529
curve,5,0.522
curve,5,0.5395
curve,5,0.536
curve,5,0.45525000000000004
curve,5,0.46
curve,5,0.32825000000000004
curve,5,0.336
curve,5,0.19519999999999998
curve,5,0.20445
curve,5,0.015849999999999996
curve,5,0.026099999999999998
curve,5,-0.18200000000000002
curve,5,-0.17
curve,5,-0.3714
curve,5,-0.36
curve,5,-0.4767
curve,5,-0.4692
curve,5,-0.5402999999999999
curve,5,-0.5350499999999999
curve,5,-0.56725
curve,5,-0.5655
curve,5,-0.52
curve,5,-0.52
curve,5,-0.4775
curve,5,-0.48
curve,5,-0.4205
curve,5,-0.424
curve,5,-0.339
curve,5,-0.34400000000000003
curve,5,-0.28209999999999996
curve,5,-0.28709999999999997
curve,5,-0.19049999999999997
curve,5,-0.19574999999999998
curve,5,-0.10515
curve,5,-0.1104
curve,5,-0.014000000000000002
curve,5,-0.02
curve,5,0.0648
curve,5,0.06
straight,13,0.0678
straight,13,0.0648
curve,5,0.1518
curve,5,0.15
curve,5,0.1606
curve,5,0.16
curve,5,0.1181
curve,5,0.1196
curve,5,0.1196
curve,5,0.055799999999999995
curve,5,0.06
curve,5,-0.0248
curve,5,-0.02
curve,5,-0.1154
curve,5,-0.11
straight,13,-0.12135000000000001
straight,13,-0.11610000000000001
curve,5,-0.321
curve,5,-0.315
curve,5,-0.37224999999999997
curve,5,-0.368
curve,5,-0.4952
curve,5,-0.48719999999999997
curve,5,-0.601
curve,5,-0.592
curve,5,-0.609
curve,5,-0.608
curve,5,-0.58675
curve,5,-0.588
curve,5,-0.52425
curve,5,-0.528
curve,5,-0.4175
curve,5,-0.424
curve,5,-0.288
curve,5,-0.296
curve,5,-0.1609
curve,5,-0.16965
curve,5,0.0049
curve,5,-0.0046
straight,13,0.10645
straight,13,0.09720000000000001
curve,5,0.3496
curve,5,0.34
curve,5,0.4154
curve,5,0.4089
curve,5,0.495
curve,5,0.488
curve,5,0.54325
curve,5,0.54
curve,5,0.489
curve,5,0.492
curve,5,0.39425000000000004
curve,5,0.4
curve,5,0.25125000000000003
curve,5,0.26
curve,5,0.07300000000000001
curve,5,0.084
curve,5,-0.12024999999999998
curve,5,-0.10874999999999999
curve,5,-0.3476
curve,5,-0.335
curve,5,-0.5258
curve,5,-0.515
curve,5,-0.5902
curve,5,-0.5841999999999999
curve,5,-0.6076499999999999
curve,5,-0.6046499999999999
curve,5,-0.60005
curve,5,-0.6003
curve,5,-0.51375
curve,5,-0.516
curve,5,-0.448
curve,5,-0.452
curve,5,-0.39495
curve,5,-0.4002
curve,5,-0.299
curve,5,-0.3045
curve,5,-0.2056
curve,5,-0.2116
curve,5,-0.0922
curve,5,-0.1
curve,5,0.0166
curve,5,0.01
curve,5,0.10540000000000001
curve,5,0.1
curve,5,0.1689
curve,5,0.165
curve,5,0.18575
curve,5,0.184
curve,5,0.1743
curve,5,0.1748
curve,5,0.136
curve,5,0.138
curve,5,0.0798
curve,5,0.0828
curve,5,0.0149
curve,5,0.0184
curve,5,-0.0648
curve,5,-0.06
curve,5,-0.15539999999999998
curve,5,-0.15
straight,13,-0.1223
straight,13,-0.1188
curve,5,-0.2836
curve,5,-0.28
curve,5,-0.39825
curve,5,-0.391
curve,5,-0.5261499999999999
curve,5,-0.5176499999999999
curve,5,-0.52225
curve,5,-0.522
curve,5,-0.476
curve,5,-0.4785
curve,5,-0.3957
curve,5,-0.4002
curve,5,-0.299
curve,5,-0.3045
curve,5,-0.2056
curve,5,-0.2116
curve,5,-0.0922
curve,5,-0.1
curve,5,0.0113
curve,5,0.005
curve,5,0.1057
curve,5,0.1
curve,5,0.1636
curve,5,0.16
curve,5,0.1763
curve,5,0.1748
curve,5,0.1651
curve,5,0.1656
curve,5,0.11979999999999999
curve,5,0.12179999999999999
curve,5,0.0706
curve,5,0.0736
curve,5,0.0057
curve,5,0.0092
curve,5,-0.0684
curve,5,-0.0644
curve,5,-0.0644
curve,5,-0.1495
curve,5,-0.2245
curve,5,-0.22
curve,5,-0.22
straight,13,-0.1424
straight,13,-0.1404
curve,5,-0.28650000000000003
curve,5,-0.28500000000000003
curve,5,-0.41750000000000004
curve,5,-0.41000000000000003
curve,5,-0.4947
curve,5,-0.48719999999999997
curve,5,-0.48719999999999997
curve,5,-0.4688
curve,5,-0.4698
curve,5,-0.4192
curve,5,-0.42195
curve,5,-0.33455
curve,5,-0.3393
curve,5,-0.3393
curve,5,-0.2521
curve,5,-0.2576
curve,5,-0.1528
curve,5,-0.16
curve,5,-0.0434
curve,5,-0.05
curve,5,0.0454
curve,5,0.04
curve,5,0.1142
curve,5,0.11
curve,5,0.11
curve,5,0.14
curve,5,0.1477
curve,5,0.1472
curve,5,0.12079999999999999
curve,5,0.12179999999999999
curve,5,0.08499999999999999
curve,5,0.087
curve,5,0.0338
curve,5,0.0368
curve,5,-0.0311
curve,5,-0.0276
curve,5,-0.10035
curve,5,-0.09659999999999999
curve,5,-0.1739
curve,5,-0.17
curve,5,-0.2389
curve,5,-0.23500000000000001
straight,13,-0.15050000000000002
straight,13,-0.14850000000000002
curve,5,-0.3015
curve,5,-0.3
curve,5,-0.43779999999999997
curve,5,-0.43
curve,5,-0.5167
curve,5,-0.50895
curve,5,-0.50895
curve,5,-0.48595
curve,5,-0.42279999999999995
curve,5,-0.42629999999999996
curve,5,-0.3538
curve,5,-0.3588
curve,5,-0.2812
curve,5,-0.2852
curve,5,-0.2464
curve,5,-0.2484
curve,5,-0.2387
curve,5,-0.2392
curve,5,-0.26
curve,5,-0.26
curve,5,-0.2489
curve,5,-0.2484
curve,5,-0.2775
curve,5,-0.276
curve,5,-0.3051
curve,5,-0.3036
curve,5,-0.3521
curve,5,-0.3496
curve,5,-0.3766
curve,5,-0.3741
curve,5,-0.42929999999999996
curve,5,-0.42629999999999996
curve,5,-0.49069999999999997
curve,5,-0.48719999999999997
curve,5,-0.516
curve,5,-0.512
curve,5,-0.5842499999999999
curve,5,-0.58
curve,5,-0.6565
curve,5,-0.652
curve,5,-0.72425
curve,5,-0.72
curve,5,-0.8007500000000001
curve,5,-0.796
curve,5,-0.796
curve,5,-0.87675
curve,5,-0.8855
curve,5,-0.88125
exception,5,-0.9492499999999999
exception,5,-0.945
exception,5,-1.005
exception,5,-1.00125
exception,5,-1.00125
exception,5,-1.04525
exception,5,-1.0625
exception,5,-1.06125
exception,5,-1.06125
exception,5,-0.9680000000000001
exception,5,-0.902
exception,5,-0.9065
exception,5,-0.7715
exception,5,-0.7805
exception,5,-0.64425
exception,5,-0.65625
curve,5,-0.44025
curve,5,-0.45375
curve,5,-0.21774999999999997
curve,5,-0.23249999999999998
curve,5,0.0027500000000000007
curve,5,-0.012
curve,5,0.21695
curve,5,0.20445
curve,5,0.4576
curve,5,0.445
curve,5,0.445
curve,5,0.5933999999999999
curve,5,0.585
curve,5,0.5964
curve,5,0.5934
curve,5,0.55195
curve,5,0.55245
curve,5,0.49265
curve,5,0.49589999999999995
curve,5,0.3671
curve,5,0.3741
curve,5,0.20849999999999996
curve,5,0.21749999999999997
curve,5,0.016800000000000002
curve,5,0.03
straight,13,-0.12245
straight,13,-0.1107
curve,5,-0.42624999999999996
curve,5,-0.414
curve,5,-0.5984999999999999
curve,5,-0.5872499999999999
curve,5,-0.795
curve,5,-0.78
straight,9,-0.63975
straight,9,-0.62475
exception,5,-1.01225
exception,5,-1.00875
exception,5,-1.00075
exception,5,-1.00125
exception,5,-0.9772500000000001
exception,5,-0.97875
exception,5,-0.8535
exception,5,-0.8575
exception,5,-0.73475
exception,5,-0.74625
curve,5,-0.52225
curve,5,-0.53625
curve,5,-0.27225
curve,5,-0.28875
curve,5,-0.010499999999999999
curve,5,-0.028
curve,5,0.30534999999999995
curve,5,0.28709999999999997
straight,13,0.3729
straight,13,0.3564
curve,5,0.7904
curve,5,0.77865
curve,5,0.9794999999999999
curve,5,0.964
exception,5,1.06375
exception,5,1.05375
exception,5,0.94975
exception,5,0.9562499999999999
curve,5,0.76425
curve,5,0.77625
curve,5,0.52025
curve,5,0.53625
curve,5,0.27025000000000005
curve,5,0.28800000000000003
curve,5,-0.03075
curve,5,-0.012
curve,5,-0.3966
curve,5,-0.375
curve,5,-0.7142000000000001
curve,5,-0.6950000000000001
curve,5,-0.83005
curve,5,-0.8178
curve,5,-0.871
curve,5,-0.864
curve,5,-0.90225
curve,5,-0.9
curve,5,-0.87025
curve,5,-0.872
curve,5,-0.7455
curve,5,-0.75
curve,5,-0.638
curve,5,-0.645
curve,5,-0.497
curve,5,-0.50625
curve,5,-0.37425
curve,5,-0.384
curve,5,-0.214
curve,5,-0.224
curve,5,-0.0642
curve,5,-0.07394999999999999
curve,5,0.10609999999999999
curve,5,0.09659999999999999
curve,5,0.2587
curve,5,0.25
curve,5,0.3666
curve,5,0.36
curve,5,0.4077
curve,5,0.405
curve,5,0.36775
curve,5,0.368
curve,5,0.3001
curve,5,0.3036
curve,5,0.2066
curve,5,0.2116
curve,5,0.08549999999999999
curve,5,0.092
curve,5,-0.0378
curve,5,-0.03
straight,13,-0.09290000000000001
straight,13,-0.0864
curve,5,-0.2766
curve,5,-0.27
curve,5,-0.423
curve,5,-0.414
curve,5,-0.513
curve,5,-0.504
curve,5,-0.5295
curve,5,-0.528
curve,5,-0.51525
curve,5,-0.516
curve,5,-0.465
curve,5,-0.468
curve,5,-0.39575000000000005
curve,5,-0.4
curve,5,-0.3065
curve,5,-0.312
curve,5,-0.2289
curve,5,-0.2349
curve,5,-0.1245
curve,5,-0.1305
curve,5,-0.041
curve,5,-0.046
curve,5,0.056
curve,5,0.05
curve,5,0.12419999999999999
curve,5,0.12
straight,13,0.0884
straight,13,0.0864
curve,5,0.1706
curve,5,0.17
curve,5,0.17
curve,5,0.17
curve,5,0.1223
curve,5,0.125
curve,5,0.045500000000000006
curve,5,0.05
curve,5,-0.056
curve,5,-0.05
straight,13,-0.08305000000000001
straight,13,-0.07830000000000001
curve,5,-0.2351
curve,5,-0.23
curve,5,-0.35224999999999995
curve,5,-0.345
curve,5,-0.47345
curve,5,-0.46545
curve,5,-0.49305
curve,5,-0.49155
curve,5,-0.49155
curve,5,-0.43075
curve,5,-0.432
curve,5,-0.38525000000000004
curve,5,-0.388
curve,5,-0.33455
curve,5,-0.3393
curve,5,-0.24729999999999996
curve,5,-0.25229999999999997
curve,5,-0.14189999999999997
curve,5,-0.14789999999999998
curve,5,-0.04
curve,5,-0.046
curve,5,0.0878
curve,5,0.08
straight,13,0.10220000000000001
straight,13,0.09720000000000001
curve,5,0.27540000000000003
curve,5,0.27
curve,5,0.2969
curve,5,0.2944
curve,5,0.31059999999999993
curve,5,0.30884999999999996
curve,5,0.29045
curve,5,0.29145
curve,5,0.20404999999999998
curve,5,0.20879999999999999
curve,5,0.09839999999999999
curve,5,0.10439999999999999
curve,5,-0.0448
curve,5,-0.0368
curve,5,-0.2096
curve,5,-0.2
curve,5,-0.3908
curve,5,-0.38
curve,5,-0.49994999999999995
curve,5,-0.49219999999999997
curve,5,-0.5804499999999999
curve,5,-0.5741999999999999
curve,5,-0.6432
curve,5,-0.63945
curve,5,-0.605
curve,5,-0.604
curve,5,-0.5700000000000001
curve,5,-0.5720000000000001
curve,5,-0.49975
curve,5,-0.504
curve,5,-0.40625000000000006
curve,5,-0.41200000000000003
curve,5,-0.29725
curve,5,-0.304
curve,5,-0.20179999999999998
curve,5,-0.20879999999999999
curve,5,-0.0753
curve,5,-0.0828
curve,5,0.0637
curve,5,0.055
straight,13,0.09755000000000001
straight,13,0.0918
curve,5,0.2442
curve,5,0.24
curve,5,0.279
curve,5,0.276
curve,5,0.2702
curve,5,0.2697
curve,5,0.20989999999999998
curve,5,0.21314999999999998
curve,5,0.12575
curve,5,0.1305
curve,5,0.02645
curve,5,0.0322
curve,5,0.0322
curve,5,-0.0975
curve,5,-0.2066
curve,5,-0.2
curve,5,-0.2
curve,5,-0.2954
curve,5,-0.29
curve,5,-0.343
curve,5,-0.34
curve,5,-0.3718
curve,5,-0.37
curve,5,-0.3501
curve,5,-0.3496
curve,5,-0.3302
curve,5,-0.3312
curve,5,-0.2924
curve,5,-0.2944
curve,5,-0.2944
curve,5,-0.2459
curve,5,-0.2064
curve,5,-0.21
curve,5,-0.21
curve,5,-0.157
curve,5,-0.16
curve,5,-0.107
curve,5,-0.11
curve,5,-0.0517
curve,5,-0.055
straight,13,-0.00905
straight,13,-0.0108
curve,5,0.0118
curve,5,0.01
curve,5,-0.0112
curve,5,-0.01
straight,13,-0.046700000000000005
straight,13,-0.0432
curve,5,-0.1118
curve,5,-0.11
curve,5,-0.2054
curve,5,-0.2
curve,5,-0.3325
curve,5,-0.325
curve,5,-0.3184
curve,5,-0.3174
curve,5,-0.3174
curve,5,-0.30285
curve,5,-0.3036
curve,5,-0.2648
curve,5,-0.2668
curve,5,-0.237
curve,5,-0.24
curve,5,-0.1764
curve,5,-0.18
curve,5,-0.1217
curve,5,-0.125
straight,13,-0.0321
straight,13,-0.0351
curve,5,-0.006700000000000001
curve,5,-0.01
curve,5,-0.0047
curve,5,-0.005
curve,5,-0.0898
curve,5,-0.085
curve,5,-0.1115
curve,5,-0.11
straight,13,-0.0712
straight,13,-0.0702
straight,13,-0.0702
straight,13,-0.0702
curve,5,-0.17240000000000003
curve,5,-0.17
curve,5,-0.276
curve,5,-0.27
curve,5,-0.2775
curve,5,-0.276
curve,5,-0.2178
curve,5,-0.2208
curve,5,-0.134
curve,5,-0.14
curve,5,-0.034
curve,5,-0.04
straight,13,0.0433
straight,13,0.0378
curve,5,0.1601
curve,5,0.155
curve,5,0.22505
curve,5,0.2208
curve,5,0.2732
curve,5,0.2697
curve,5,0.2697
curve,5,0.2697
curve,5,0.25129999999999997
curve,5,0.25229999999999997
curve,5,0.21549999999999997
curve,5,0.21749999999999997
curve,5,0.15309999999999999
curve,5,0.1566
curve,5,0.09219999999999999
curve,5,0.0957
curve,5,0.0236
curve,5,0.0276
curve,5,-0.0403
curve,5,-0.0368
curve,5,-0.1142
curve,5,-0.11
curve,5,-0.163
curve,5,-0.16
straight,13,-0.09820000000000001
straight,13,-0.09720000000000001
straight,13,-0.10310000000000001
straight,13,-0.10260000000000001
curve,5,-0.243
curve,5,-0.24
curve,5,-0.3275
curve,5,-0.322
curve,5,-0.322
curve,5,-0.3321
curve,5,-0.3306
curve,5,-0.272
curve,5,-0.276
curve,5,-0.1693
curve,5,-0.052199999999999996
curve,5,-0.06
curve,5,-0.06
straight,13,0.056100000000000004
straight,13,0.048600000000000004
curve,5,0.2278
curve,5,0.22
curve,5,0.3188
curve,5,0.31279999999999997
curve,5,0.4246
curve,5,0.41759999999999997
curve,5,0.47750000000000004
curve,5,0.47200000000000003
curve,5,0.48474999999999996
curve,5,0.484
curve,5,0.45425000000000004
curve,5,0.456
curve,5,0.388
curve,5,0.392
curve,5,0.29
curve,5,0.296
curve,5,0.16
curve,5,0.168
curve,5,0.021699999999999997
curve,5,0.030449999999999998
curve,5,-0.14725000000000002
curve,5,-0.138
curve,5,-0.3408
curve,5,-0.33
curve,5,-0.49429999999999996
curve,5,-0.485
curve,5,-0.5626
curve,5,-0.5566
curve,5,-0.58615
curve,5,-0.5829
curve,5,-0.5829
curve,5,-0.5829
curve,5,-0.4765
curve,5,-0.48
curve,5,-0.42079999999999995
curve,5,-0.42629999999999996
curve,5,-0.2699
curve,5,-0.2784
curve,5,-0.1101
curve,5,-0.1196
curve,5,0.082
curve,5,0.07
curve,5,0.27140000000000003
curve,5,0.26
curve,5,0.375
curve,5,0.368
curve,5,0.4216
curve,5,0.41759999999999997
curve,5,0.40525
curve,5,0.404
curve,5,0.39125000000000004
curve,5,0.392
curve,5,0.341
curve,5,0.34400000000000003
curve,5,0.28450000000000003
curve,5,0.28800000000000003
curve,5,0.203
curve,5,0.20800000000000002
curve,5,0.125
curve,5,0.1305
curve,5,0.0247
curve,5,0.030449999999999998
curve,5,-0.06965
curve,5,-0.0644
curve,5,-0.17600000000000002
curve,5,-0.17
straight,13,-0.1331
straight,13,-0.1296
curve,5,-0.293
curve,5,-0.29
curve,5,-0.3638
curve,5,-0.3588
curve,5,-0.4221
curve,5,-0.41759999999999997
curve,5,-0.3716
curve,5,-0.3741
curve,5,-0.29129999999999995
curve,5,-0.29579999999999995
curve,5,-0.18669999999999998
curve,5,-0.19319999999999998
curve,5,-0.0722
curve,5,-0.08
curve,5,0.057800000000000004
curve,5,0.05
curve,5,0.17720000000000002
curve,5,0.17
curve,5,0.2534
curve,5,0.2484
curve,5,0.29009999999999997
curve,5,0.28709999999999997
curve,5,0.3055
curve,5,0.3045
curve,5,0.29529999999999995
curve,5,0.29579999999999995
curve,5,0.2682
curve,5,0.2697
curve,5,0.21449999999999997
curve,5,0.21749999999999997
curve,5,0.14389999999999997
curve,5,0.14789999999999998
curve,5,0.07429999999999999
curve,5,0.0783
curve,5,-0.0045000000000000005
curve,5,-0.0
curve,5,-0.0848
curve,5,-0.08
curve,5,-0.1436
curve,5,-0.14
curve,5,-0.193
curve,5,-0.19
straight,13,-0.1144
straight,13,-0.1134
curve,5,-0.21
curve,5,-0.21
curve,5,-0.263
curve,5,-0.26
curve,5,-0.278
curve,5,-0.276
curve,5,-0.2178
curve,5,-0.2208
curve,5,-0.1552
curve,5,-0.16
curve,5,-0.054
curve,5,-0.06
straight,13,0.02365
straight,13,0.0189
curve,5,0.1251
curve,5,0.12
curve,5,0.1977
curve,5,0.19319999999999998
curve,5,0.2514
curve,5,0.2484
curve,5,0.24409999999999998
curve,5,0.24359999999999998
curve,5,0.22519999999999998
curve,5,0.22619999999999998
curve,5,0.18939999999999999
curve,5,0.1914
curve,5,0.14539999999999997
curve,5,0.14789999999999998
curve,5,0.09269999999999999
curve,5,0.0957
curve,5,0.033299999999999996
curve,5,0.0368
curve,5,-0.0214
curve,5,-0.0184
curve,5,-0.08360000000000001
curve,5,-0.08
curve,5,-0.1277
curve,5,-0.125
curve,5,-0.1515
curve,5,-0.15
straight,13,-0.0869
straight,13,-0.0864
straight,13,-0.0864
straight,13,-0.0864
curve,5,-0.1918
curve,5,-0.19
curve,5,-0.2524
curve,5,-0.2484
curve,5,-0.2678
curve,5,-0.2668
curve,5,-0.2086
curve,5,-0.2116
curve,5,-0.124
curve,5,-0.13
curve,5,-0.13
curve,5,-0.024
curve,5,-0.03
curve,5,0.0866
curve,5,0.08
curve,5,0.186
curve,5,0.18
curve,5,0.2626
curve,5,0.2576
curve,5,0.308
curve,5,0.3045
curve,5,0.3505
curve,5,0.348
curve,5,0.35719999999999996
curve,5,0.35669999999999996
curve,5,0.3025
curve,5,0.304
curve,5,0.253
curve,5,0.256
curve,5,0.1956
curve,5,0.2001
curve,5,0.14029999999999998
curve,5,0.14354999999999998
curve,5,0.18575
curve,5,0.184
curve,5,0.2795
curve,5,0.275
curve,5,0.4128
curve,5,0.405
curve,5,0.54235
curve,5,0.5336
curve,5,0.5336
curve,5,0.6564
curve,5,0.64815
curve,5,0.78155
curve,5,0.7743
curve,5,0.8310000000000001
curve,5,0.8240000000000001
curve,5,0.9430000000000001
curve,5,0.936
curve,5,1.01675
curve,5,1.012
curve,5,1.0545
curve,5,1.052
curve,5,1.0605
curve,5,1.06
curve,5,1.026
curve,5,1.028
curve,5,0.977
curve,5,0.98
curve,5,0.89925
curve,5,0.904
curve,5,0.8147500000000001
curve,5,0.8200000000000001
curve,5,0.7265
curve,5,0.732
curve,5,0.64275
curve,5,0.648
curve,5,0.5630000000000001
curve,5,0.5680000000000001
curve,5,0.5085000000000001
curve,5,0.512
curve,5,0.5015999999999999
curve,5,0.5045999999999999
curve,5,0.5045999999999999
curve,5,0.48619999999999997
curve,5,0.48719999999999997
curve,5,0.48719999999999997
curve,5,0.478
curve,5,0.48769999999999997
curve,5,0.48719999999999997
curve,5,0.48719999999999997
curve,5,0.53945
curve,5,0.5382
curve,5,0.577
curve,5,0.575
curve,5,0.5897499999999999
curve,5,0.5872499999999999
curve,5,0.6332499999999999
curve,5,0.6307499999999999
curve,5,0.68135
curve,5,0.6786
curve,5,0.7245999999999999
curve,5,0.7221
curve,5,0.7680999999999999
curve,5,0.7656
curve,5,0.7978
curve,5,0.7960499999999999
curve,5,0.8144499999999999
curve,5,0.8134499999999999
curve,5,0.7812499999999999
curve,5,0.7829999999999999
curve,5,0.635
curve,5,0.64
curve,5,0.521
curve,5,0.528
curve,5,0.43025
curve,5,0.436
curve,5,0.38925000000000004
curve,5,0.392
curve,5,0.392
curve,5,0.3987
curve,5,0.3818
curve,5,0.3828
curve,5,0.36439999999999995
curve,5,0.36539999999999995
curve,5,0.35619999999999996
curve,5,0.35669999999999996
curve,5,0.35669999999999996
curve,5,0.3475
curve,5,0.348
curve,5,0.3388
curve,5,0.3393
curve,5,0.3301
curve,5,0.3306
curve,5,0.32139999999999996
curve,5,0.32189999999999996
curve,5,0.3127
curve,5,0.3132
curve,5,0.3132
curve,5,0.3132
curve,5,0.304
curve,5,0.3045
curve,5,0.29529999999999995
curve,5,0.29579999999999995
curve,5,0.28659999999999997
curve,5,0.28709999999999997
curve,5,0.28709999999999997
curve,5,0.28709999999999997
curve,5,0.2779
curve,5,0.2784
curve,5,0.2692
curve,5,0.2697
curve,5,0.2605
curve,5,0.261
curve,5,0.261
curve,5,0.261
curve,5,0.25179999999999997
curve,5,0.25229999999999997
curve,5,0.24309999999999998
curve,5,0.24359999999999998
curve,5,0.2344
curve,5,0.2349
curve,5,0.22569999999999998
curve,5,0.22619999999999998
curve,5,0.21699999999999997
curve,5,0.21749999999999997
curve,5,0.20829999999999999
curve,5,0.20879999999999999
curve,5,0.1996
curve,5,0.2001
curve,5,0.1541
curve,5,0.1566
curve,5,0.06919999999999998
curve,5,0.07394999999999999
curve,5,-0.054849999999999996
curve,5,-0.04785
curve,5,-0.23975
curve,5,-0.22999999999999998
curve,5,-0.48850000000000005
curve,5,-0.47500000000000003
curve,5,-0.7559
curve,5,-0.74
curve,5,-0.9336
curve,5,-0.9178499999999999
curve,5,-1.2260499999999999
curve,5,-1.2092999999999998
curve,5,-1.4180000000000001
curve,5,-1.4000000000000001
exception,5,-1.6045
exception,5,-1.58625
exception,5,-1.62675
exception,5,-1.60875
exception,5,-1.84325
exception,5,-1.8265
exception,5,-1.9489999999999998
exception,5,-1.9402499999999998
exception,5,-2.0102499999999996
exception,5,-2.0052499999999998
exception,5,-2.02625
exception,5,-2.02475
exception,5,-1.98975
exception,5,-1.9922499999999999
exception,5,-1.9012499999999999
exception,5,-1.9077499999999998
exception,5,-1.7082499999999998
exception,5,-1.7225
exception,5,-1.4355
exception,5,-1.456
exception,5,-1.2155
exception,5,-1.239
exception,5,-0.8715
exception,5,-0.896
exception,5,-0.5435000000000001
exception,5,-0.5670000000000001
curve,5,-0.23950000000000002
curve,5,-0.2625
curve,5,0.05575000000000001
curve,5,0.036000000000000004
curve,5,0.3421
curve,5,0.3266
curve,5,0.5776
curve,5,0.5650000000000001
curve,5,0.5651499999999999
curve,5,0.5611499999999999
curve,5,0.47350000000000003
curve,5,0.47600000000000003
curve,5,0.3315
curve,5,0.34
curve,5,0.1445
curve,5,0.156
curve,5,-0.09255
curve,5,-0.0783
curve,5,-0.3932
curve,5,-0.3772
curve,5,-0.7439
curve,5,-0.725
curve,5,-0.95315
curve,5,-0.9384
curve,5,-1.0897999999999999
curve,5,-1.0788
curve,5,-1.2122
curve,5,-1.20495
straight,9,-0.7164499999999999
straight,9,-0.71295
straight,9,-0.71295
straight,9,-0.71295
exception,5,-1.20325
exception,5,-1.19625
exception,5,-1.19625
exception,5,-1.5282499999999999
exception,5,-1.5074999999999998
exception,5,-1.4745
exception,5,-1.4625
exception,5,-1.4344999999999999
exception,5,-1.4364999999999999
exception,5,-1.5574999999999999
exception,5,-1.56375
exception,5,-1.38775
exception,5,-1.39875
exception,5,-1.19075
exception,5,-1.2037499999999999
exception,5,-0.9677499999999999
exception,5,-0.9824999999999999
exception,5,-0.8465
exception,5,-0.855
curve,5,-0.8069999999999999
curve,5,-0.8099999999999999
curve,5,-0.842
curve,5,-0.84
curve,5,-0.9119999999999999
curve,5,-0.9075
exception,5,-1.0114999999999998
exception,5,-1.005
exception,5,-1.121
exception,5,-1.11375
exception,5,-1.22575
exception,5,-1.21875
exception,5,-1.3147499999999999
exception,5,-1.3087499999999999
exception,5,-1.34875
exception,5,-1.34625
exception,5,-1.33825
exception,5,-1.3387499999999999
exception,5,-1.2507499999999998
exception,5,-1.2562499999999999
exception,5,-1.10825
exception,5,-1.1175
exception,5,-0.88175
exception,5,-0.8925000000000001
exception,5,-0.76825
exception,5,-0.78
curve,5,-0.6
curve,5,-0.61125
curve,5,-0.44725
curve,5,-0.45749999999999996
curve,5,-0.33925000000000005
curve,5,-0.34800000000000003
curve,5,-0.229
curve,5,-0.23600000000000002
curve,5,-0.17384999999999998
curve,5,-0.17834999999999998
curve,5,-0.1401
curve,5,-0.1426
curve,5,-0.1603
curve,5,-0.16
curve,5,-0.213
curve,5,-0.21
curve,5,-0.3001
curve,5,-0.295
curve,5,-0.4116
curve,5,-0.405
curve,5,-0.489
curve,5,-0.483
curve,5,-0.5671499999999999
curve,5,-0.5611499999999999
curve,5,-0.67155
curve,5,-0.66555
curve,5,-0.75755
curve,5,-0.7525499999999999
curve,5,-0.8307499999999999
curve,5,-0.8264999999999999
curve,5,-0.8067500000000001
curve,5,-0.804
curve,5,-0.8295
curve,5,-0.8280000000000001
curve,5,-0.83225
curve,5,-0.8320000000000001
curve,5,-0.8277500000000001
curve,5,-0.8280000000000001
curve,5,-0.8067500000000001
curve,5,-0.808
curve,5,-0.774
curve,5,-0.776
curve,5,-0.72925
curve,5,-0.732
curve,5,-0.681
curve,5,-0.684
curve,5,-0.633
curve,5,-0.636
curve,5,-0.5935
curve,5,-0.596
curve,5,-0.60215
curve,5,-0.6046499999999999
curve,5,-0.5770500000000001
curve,5,-0.57855
curve,5,-0.57855
curve,5,-0.55095
curve,5,-0.5340499999999999
curve,5,-0.5350499999999999
curve,5,-0.5350499999999999
curve,5,-0.52585
curve,5,-0.52635
curve,5,-0.56145
curve,5,-0.5612
curve,5,-0.57575
curve,5,-0.575
curve,5,-0.57985
curve,5,-0.5796
curve,5,-0.5205000000000001
curve,5,-0.522
curve,5,-0.44839999999999997
curve,5,-0.45239999999999997
curve,5,-0.3696
curve,5,-0.3741
curve,5,-0.3374
curve,5,-0.3404
curve,5,-0.3016
curve,5,-0.3036
curve,5,-0.2745
curve,5,-0.276
curve,5,-0.26145
curve,5,-0.2622
curve,5,-0.24765
curve,5,-0.2484
curve,5,-0.2387
curve,5,-0.2392
curve,5,-0.22949999999999998
curve,5,-0.22999999999999998
curve,5,-0.22515
curve,5,-0.2254
curve,5,-0.22055
curve,5,-0.2208
curve,5,-0.2111
curve,5,-0.2116
curve,5,-0.2116
curve,5,-0.2116
curve,5,-0.20675
curve,5,-0.207
curve,5,-0.20215
curve,5,-0.2024
curve,5,-0.19755
curve,5,-0.1978
curve,5,-0.19294999999999998
curve,5,-0.19319999999999998
curve,5,-0.19319999999999998
curve,5,-0.19319999999999998
curve,5,-0.19319999999999998
curve,5,-0.19319999999999998
curve,5,-0.18835
curve,5,-0.1886
curve,5,-0.18375
curve,5,-0.184
curve,5,-0.184
curve,5,-0.184
curve,5,-0.184
curve,5,-0.184
curve,5,-0.17915
curve,5,-0.1794
curve,5,-0.17455
curve,5,-0.1748
curve,5,-0.1748
curve,5,-0.1748
curve,5,-0.1748
curve,5,-0.1748
curve,5,-0.16995
curve,5,-0.1702
curve,5,-0.1702
curve,5,-0.15564999999999998
curve,5,-0.09334999999999999
curve,5,-0.09659999999999999
curve,5,0.019799999999999998
curve,5,0.0138
curve,5,0.17385
curve,5,0.1656
curve,5,0.1656
straight,13,0.22700000000000004
straight,13,0.21600000000000003
curve,5,0.6915
curve,5,0.675
curve,5,0.8816499999999999
curve,5,0.8656499999999999
curve,5,1.4080000000000001
curve,5,1.372
exception,5,1.7762499999999999
exception,5,1.7289999999999999
exception,5,1.9879999999999998
exception,5,1.9694999999999998
missing,-0.6,1
missing,-0.6,1
missing,-0.6,1
missing,-0.6,1
missing,-0.6,1
missing,-0.6,1
missing,-0.6,1
missing,-0.6,1
missing,-0.6,1
missing,-0.6,1
missing,-0.6,1
missing,-0.6,1
missing,-0.6,1
missing,-0.6,1
missing,-0.6,1
missing,-0.6,1
missing,-0.6,1
missing,-0.6,1
exception,5,2.0709999999999997
exception,5,2.0637499999999998
exception,5,2.00425
exception,5,2.0084999999999997
exception,5,1.9489999999999998
exception,5,1.95325
exception,5,1.87975
exception,5,1.885
exception,5,1.6504999999999999
exception,5,1.66725
exception,5,1.37675
exception,5,1.3975
exception,5,1.1412499999999999
exception,5,1.1655
exception,5,0.76425
exception,5,0.791
curve,5,0.4155
curve,5,0.4425
curve,5,0.006500000000000002
curve,5,0.03375
curve,5,-0.42545
curve,5,-0.4002
curve,5,-0.83545
curve,5,-0.8142
curve,5,-0.9715
curve,5,-0.9560000000000001
curve,5,-1.08775
curve,5,-1.08
exception,5,-0.9725
exception,5,-0.975
exception,5,-0.775
exception,5,-0.7875
curve,5,-0.4915
curve,5,-0.51
curve,5,-0.154
curve,5,-0.17625
curve,5,0.24975
curve,5,0.224
curve,5,0.76685
curve,5,0.7406
curve,5,1.23045
curve,5,1.2052
curve,5,1.5307
curve,5,1.50945
exception,5,1.609
exception,5,1.596
exception,5,1.68525
exception,5,1.68
exception,5,1.567
exception,5,1.5675
exception,5,1.4875
exception,5,1.4925
exception,5,1.3604999999999998
exception,5,1.36875
exception,5,1.20875
exception,5,1.21875
exception,5,1.03875
exception,5,1.05
curve,5,0.858
curve,5,0.87
curve,5,0.7325
curve,5,0.744
curve,5,0.5655000000000001
curve,5,0.5760000000000001
curve,5,0.4145
curve,5,0.424
curve,5,0.35989999999999994
curve,5,0.36539999999999995
curve,5,0.38639999999999997
curve,5,0.38639999999999997
curve,5,0.4543
curve,5,0.4508
curve,5,0.5769
curve,5,0.5704
curve,5,0.7095999999999999
curve,5,0.7003499999999999
curve,5,0.9211499999999999
curve,5,0.9091499999999999
curve,5,1.15755
curve,5,1.14405
curve,5,1.31125
curve,5,1.296
exception,5,1.4669999999999999
exception,5,1.45125
exception,5,1.71525
exception,5,1.69875
exception,5,1.6857499999999999
exception,5,1.6704999999999999
exception,5,1.8455
exception,5,1.833
exception,5,1.9169999999999998
exception,5,1.9109999999999998
exception,5,1.9249999999999998
exception,5,1.924
exception,5,1.8924999999999998
exception,5,1.89475
exception,5,1.7512499999999998
exception,5,1.7614999999999998
exception,5,1.541
exception,5,1.5567499999999999
exception,5,1.29075
exception,5,1.30975
exception,5,1.1105
exception,5,1.1305
exception,5,0.82675
exception,5,0.847
exception,5,0.5754999999999999
exception,5,0.59625
curve,5,0.29625
curve,5,0.315
curve,5,0.05550000000000001
curve,5,0.07200000000000001
curve,5,-0.16455
curve,5,-0.1518
curve,5,-0.33990000000000004
curve,5,-0.33
curve,5,-0.3618
curve,5,-0.3588
curve,5,-0.28409999999999996
curve,5,-0.28709999999999997
curve,5,-0.1583
curve,5,-0.1653
curve,5,0.037099999999999994
curve,5,0.026099999999999998
curve,5,0.2798
curve,5,0.2668
straight,13,0.33065
straight,13,0.3159
curve,5,0.8712
curve,5,0.855
curve,5,0.855
curve,5,1.2912499999999998
exception,5,1.7762499999999999
exception,5,1.74
exception,5,1.79125
exception,5,1.78125
exception,5,1.5787499999999999
exception,5,1.57625
exception,5,1.46775
exception,5,1.4755
exception,5,1.5384999999999998
exception,5,1.5487499999999998
exception,5,1.5487499999999998
exception,5,1.37675
exception,5,1.3875
exception,5,1.1755
exception,5,1.18875
exception,5,0.92475
exception,5,0.9412499999999999
curve,5,0.65325
curve,5,0.67125
curve,5,0.52475
curve,5,0.536
curve,5,0.44675000000000004
curve,5,0.452
curve,5,0.41375000000000006
curve,5,0.41600000000000004
curve,5,0.399
curve,5,0.4
curve,5,0.4
curve,5,0.383
curve,5,0.384
curve,5,0.3755
curve,5,0.376
curve,5,0.359
curve,5,0.36
curve,5,0.343
curve,5,0.34400000000000003
curve,5,0.327
curve,5,0.328
curve,5,0.311
curve,5,0.312
curve,5,0.295
curve,5,0.296
curve,5,0.2705
curve,5,0.272
curve,5,0.2465
curve,5,0.248
curve,5,0.2225
curve,5,0.224
curve,5,0.21599999999999997
curve,5,0.21749999999999997
curve,5,0.18069999999999997
curve,5,0.18269999999999997
curve,5,0.14589999999999997
curve,5,0.14789999999999998
curve,5,0.060500000000000005
curve,5,0.06525
curve,5,-0.06355
curve,5,-0.056549999999999996
curve,5,-0.2441
curve,5,-0.2346
curve,5,-0.49879999999999997
curve,5,-0.485
curve,5,-0.7712
curve,5,-0.755
curve,5,-0.9662
curve,5,-0.9521999999999999
curve,5,-1.17185
curve,5,-1.1571
straight,9,-0.8245
straight,9,-0.8085
exception,5,-1.5134999999999998
exception,5,-1.4962499999999999
exception,5,-1.7342499999999998
exception,5,-1.7029999999999998
exception,5,-2.0355
exception,5,-2.0117499999999997
missing,-0.6,-1
missing,-0.6,-1
missing,-0.6,-1
missing,-0.6,-1
missing,-0.6,-1
missing,-0.6,-1
missing,-0.6,-1
missing,-0.6,-1
missing,-0.6,-1
missing,-0.6,-1
missing,-0.6,-1
missing,-0.6,-1
exception,5,-2.05375
exception,5,-2.05075
exception,5,-1.9982499999999999
exception,5,-2.002
exception,5,-1.946
exception,5,-1.95
exception,5,-1.8415
exception,5,-1.8492499999999998
exception,5,-1.60775
exception,5,-1.625
exception,5,-1.3415
exception,5,-1.36175
exception,5,-1.13275
exception,5,-1.155
exception,5,-0.8099999999999999
exception,5,-0.833
exception,5,-0.488
exception,5,-0.511
curve,5,-0.2035
curve,5,-0.22499999999999998
curve,5,0.07025
curve,5,0.052000000000000005
curve,5,0.3411
curve,5,0.3266
curve,5,0.5405
curve,5,0.53
curve,5,0.5208999999999999
curve,5,0.5176499999999999
curve,5,0.425
curve,5,0.428
curve,5,0.27925000000000005
curve,5,0.28800000000000003
curve,5,0.09250000000000001
curve,5,0.10400000000000001
curve,5,-0.1491
curve,5,-0.13485
curve,5,-0.48360000000000003
curve,5,-0.465
curve,5,-0.7989
curve,5,-0.78
curve,5,-0.9361999999999999
curve,5,-0.9221999999999999
curve,5,-1.1108
curve,5,-1.10055
curve,5,-1.1225
curve,5,-1.116
curve,5,-1.116
curve,5,-1.1755
curve,5,-1.172
curve,5,-1.172
curve,5,-1.172
exception,5,-1.0667499999999999
exception,5,-1.0687499999999999
curve,5,-1.0635000000000001
curve,5,-1.068
curve,5,-0.9745
curve,5,-0.98
curve,5,-0.878
curve,5,-0.884
curve,5,-0.7565000000000001
curve,5,-0.764
curve,5,-0.64075
curve,5,-0.648
curve,5,-0.529
curve,5,-0.536
curve,5,-0.48169999999999996
curve,5,-0.48719999999999997
curve,5,-0.409
curve,5,-0.41324999999999995
curve,5,-0.3885
curve,5,-0.391
curve,5,-0.3879
curve,5,-0.39
curve,5,-0.3476
curve,5,-0.35000000000000003
curve,5,-0.29169999999999996
curve,5,-0.295
curve,5,-0.2473
curve,5,-0.25
curve,5,-0.2182
curve,5,-0.22
curve,5,-0.2041
curve,5,-0.20500000000000002
curve,5,-0.1891
curve,5,-0.19
curve,5,-0.1794
curve,5,-0.18
curve,5,-0.18
curve,5,-0.16940000000000002
curve,5,-0.15940000000000001
curve,5,-0.16
curve,5,-0.16
curve,5,-0.1547
curve,5,-0.155
curve,5,-0.1497
curve,5,-0.15
curve,5,-0.13940000000000002
curve,5,-0.14
curve,5,-0.14
curve,5,-0.14
curve,5,-0.12940000000000002
curve,5,-0.13
curve,5,-0.13
curve,5,-0.13
curve,5,-0.1247
curve,5,-0.125
curve,5,-0.1197
curve,5,-0.12
curve,5,-0.12
curve,5,-0.12
curve,5,-0.12
curve,5,-0.12
curve,5,-0.11470000000000001
curve,5,-0.115
curve,5,-0.1097
curve,5,-0.11
curve,5,-0.11
curve,5,-0.11
curve,5,-0.11
curve,5,-0.11
curve,5,-0.1047
curve,5,-0.105
curve,5,-0.105
curve,5,-0.105
curve,5,-0.09970000000000001
curve,5,-0.1
curve,5,-0.1
curve,5,-0.1
curve,5,-0.1
curve,5,-0.1
curve,5,-0.1689
curve,5,-0.165
curve,5,-0.28690000000000004
curve,5,-0.28
curve,5,-0.4443
curve,5,-0.435
curve,5,-0.58935
curve,5,-0.5796
curve,5,-0.7688999999999999
curve,5,-0.7568999999999999
curve,5,-1.0052999999999999
curve,5,-0.9917999999999999
curve,5,-1.1627500000000002
curve,5,-1.1480000000000001
exception,5,-1.32025
exception,5,-1.305
exception,5,-1.305
exception,5,-1.557
exception,5,-1.55975
exception,5,-1.54375
exception,5,-1.54375
exception,5,-1.73275
exception,5,-1.71925
exception,5,-1.8732499999999999
exception,5,-1.86225
exception,5,-1.9147499999999997
exception,5,-1.9109999999999998
exception,5,-1.9004999999999999
exception,5,-1.9012499999999999
exception,5,-1.79975
exception,5,-1.807
exception,5,-1.6004999999999998
exception,5,-1.6152499999999999
exception,5,-1.3632499999999999
exception,5,-1.3812499999999999
exception,5,-1.1875
exception,5,-1.2075
exception,5,-0.88875
exception,5,-0.91
exception,5,-0.91
exception,5,-0.5875
exception,5,-0.609
curve,5,-0.32449999999999996
curve,5,-0.345
curve,5,-0.016999999999999998
curve,5,-0.0375
curve,5,0.33715
curve,5,0.3174
curve,5,0.6789000000000001
curve,5,0.66
curve,5,0.7857999999999999
curve,5,0.7743
curve,5,0.8055
curve,5,0.8
curve,5,0.7575000000000001
curve,5,0.76
curve,5,0.5605
curve,5,0.57
curve,5,0.326
curve,5,0.34125
curve,5,0.023999999999999997
curve,5,0.044
curve,5,-0.39375
curve,5,-0.36974999999999997
curve,5,-0.9709000000000001
curve,5,-0.9400000000000001
curve,5,-1.3008
curve,5,-1.2745499999999998
exception,5,-1.5842500000000002
exception,5,-1.56
exception,5,-1.866
exception,5,-1.848
exception,5,-1.6415
exception,5,-1.6315
exception,5,-1.6664999999999999
exception,5,-1.664
exception,5,-1.5975
exception,5,-1.60225
exception,5,-1.4622499999999998
exception,5,-1.4722499999999998
exception,5,-1.30775
exception,5,-1.3195
exception,5,-1.3064999999999998
exception,5,-1.3199999999999998
exception,5,-1.0070000000000001
exception,5,-1.022
exception,5,-0.827
exception,5,-0.84375
curve,5,-0.57975
curve,5,-0.59625
curve,5,-0.364
curve,5,-0.38
curve,5,-0.17404999999999998
curve,5,-0.18705
curve,5,-0.0135
curve,5,-0.023
straight,13,0.04255
straight,13,0.0378
curve,5,0.059399999999999994
curve,5,0.06
curve,5,-0.0195
curve,5,-0.015
curve,5,-0.0945
curve,5,-0.09
curve,5,-0.1059
curve,5,-0.105
curve,5,-0.1103
curve,5,-0.11
curve,5,-0.11
curve,5,-0.11
curve,5,-0.11
curve,5,-0.11
straight,13,-0.0594
straight,13,-0.0594
straight,13,-0.0594
curve,5,-0.163
curve,5,-0.16
curve,5,-0.2236
curve,5,-0.22
curve,5,-0.22
curve,5,-0.22
curve,5,-0.2094
curve,5,-0.21
curve,5,-0.1941
curve,5,-0.195
curve,5,-0.1844
curve,5,-0.185
curve,5,-0.1797
curve,5,-0.18
curve,5,-0.16940000000000002
curve,5,-0.17
curve,5,-0.15940000000000001
curve,5,-0.16
curve,5,-0.16
curve,5,-0.16
curve,5,-0.1494
curve,5,-0.15
curve,5,-0.15
curve,5,-0.15
curve,5,-0.13940000000000002
curve,5,-0.14
curve,5,-0.14
curve,5,-0.14
curve,5,-0.13470000000000001
curve,5,-0.135
curve,5,-0.135
curve,5,-0.1297
curve,5,-0.13
curve,5,-0.13
curve,5,-0.13
curve,5,-0.13
curve,5,-0.13
curve,5,-0.1247
curve,5,-0.125
curve,5,-0.1197
curve,5,-0.12
curve,5,-0.12
curve,5,-0.12
curve,5,-0.12
curve,5,-0.12
curve,5,-0.12
curve,5,-0.12
curve,5,-0.11470000000000001
curve,5,-0.115
curve,5,-0.115
curve,5,-0.115
curve,5,-0.1097
curve,5,-0.11
curve,5,-0.11
curve,5,-0.11
curve,5,-0.11
curve,5,-0.11
curve,5,-0.11
curve,5,-0.11
curve,5,-0.11
curve,5,-0.11
curve,5,-0.11
curve,5,-0.11
curve,5,-0.1047
curve,5,-0.105
curve,5,-0.105
curve,5,-0.105
curve,5,-0.105
curve,5,-0.105
curve,5,-0.09970000000000001
curve,5,-0.1
curve,5,-0.1
curve,5,-0.1
curve,5,-0.1
curve,5,-0.1
curve,5,-0.1
curve,5,-0.1
curve,5,-0.1
curve,5,-0.1
curve,5,-0.1
curve,5,-0.1
curve,5,-0.1
curve,5,-0.1
curve,5,-0.0947
curve,5,-0.095
curve,5,-0.095
curve,5,-0.095
curve,5,-0.095
curve,5,-0.095
curve,5,-0.095
curve,5,-0.095
curve,5,-0.0897
curve,5,-0.09
curve,5,-0.09
curve,5,-0.09
curve,5,-0.09
curve,5,-0.09
curve,5,-0.09
curve,5,-0.09
curve,5,-0.09
curve,5,-0.09
curve,5,-0.09
curve,5,-0.09
curve,5,-0.09
curve,5,-0.09
curve,5,-0.09
curve,5,-0.09
curve,5,-0.09
curve,5,-0.09
curve,5,-0.09
curve,5,-0.09
curve,5,-0.09
curve,5,-0.09
curve,5,-0.09
curve,5,-0.08470000000000001
curve,5,-0.085
curve,5,-0.085
curve,5,-0.085
curve,5,-0.085
curve,5,-0.085
curve,5,-0.085
curve,5,-0.085
curve,5,-0.07970000000000001
curve,5,-0.08
curve,5,-0.08
curve,5,-0.08
curve,5,-0.08
curve,5,-0.08
curve,5,-0.08
curve,5,-0.08
curve,5,-0.08
curve,5,-0.08
curve,5,-0.08
curve,5,-0.08
curve,5,-0.08
curve,5,-0.08
curve,5,-0.08
curve,5,-0.08
curve,5,-0.08
curve,5,-0.08
curve,5,-0.08
curve,5,-0.08
curve,5,-0.08
curve,5,-0.08
curve,5,-0.08
curve,5,-0.08
curve,5,-0.0747
curve,5,-0.075
curve,5,-0.075
curve,5,-0.075
curve,5,-0.075
curve,5,-0.075
curve,5,-0.075
curve,5,-0.075
curve,5,-0.075
curve,5,-0.075
curve,5,-0.06970000000000001
curve,5,-0.07
curve,5,-0.07
curve,5,-0.07
curve,5,-0.07
curve,5,-0.07
curve,5,-0.07
curve,5,-0.07
curve,5,-0.07
curve,5,-0.07
curve,5,-0.07
curve,5,-0.07
curve,5,-0.07
curve,5,-0.07
curve,5,-0.07
curve,5,-0.07
curve,5,-0.07
curve,5,-0.07
curve,5,-0.07
curve,5,-0.07
curve,5,-0.07
curve,5,-0.07
curve,5,-0.07
curve,5,-0.07
curve,5,-0.07
curve,5,-0.07
curve,5,-0.06470000000000001
curve,5,-0.065
curve,5,-0.065
curve,5,-0.065
curve,5,-0.065
curve,5,-0.065
curve,5,-0.065
curve,5,-0.065
curve,5,-0.065
curve,5,-0.065
curve,5,-0.059699999999999996
curve,5,-0.06
curve,5,-0.06
curve,5,-0.06
curve,5,-0.06
curve,5,-0.06
curve,5,-0.06
curve,5,-0.06
curve,5,-0.06
curve,5,-0.06
curve,5,-0.06
curve,5,-0.06
curve,5,-0.06
curve,5,-0.06
curve,5,-0.06
curve,5,-0.06
curve,5,-0.06
curve,5,-0.06
curve,5,-0.06
curve,5,-0.06
curve,5,-0.06
curve,5,-0.06
curve,5,-0.06
curve,5,-0.0547
curve,5,-0.055
curve,5,-0.055
curve,5,-0.055
curve,5,-0.055
curve,5,-0.055
curve,5,-0.055
curve,5,-0.055
curve,5,-0.0497
curve,5,-0.05
curve,5,-0.05
curve,5,-0.05
curve,5,-0.05
curve,5,-0.05
curve,5,-0.05
curve,5,-0.05
curve,5,-0.05
curve,5,-0.05
curve,5,-0.05
curve,5,-0.05
curve,5,-0.05
curve,5,-0.05
curve,5,-0.05
curve,5,-0.05
curve,5,-0.05
curve,5,-0.05
curve,5,-0.05
curve,5,-0.0447
curve,5,-0.045
curve,5,-0.045
curve,5,-0.045
curve,5,-0.045
curve,5,-0.045
curve,5,-0.045
curve,5,-0.045
curve,5,-0.0397
curve,5,-0.04
curve,5,-0.04
curve,5,-0.04
curve,5,-0.04
curve,5,-0.04
curve,5,-0.04
curve,5,-0.04
curve,5,-0.04
curve,5,-0.04
curve,5,-0.04
curve,5,-0.04
curve,5,-0.04
curve,5,-0.04
curve,5,-0.04
curve,5,-0.04
curve,5,-0.0347
curve,5,-0.035
curve,5,-0.035
curve,5,-0.035
curve,5,-0.035
curve,5,-0.035
curve,5,-0.035
curve,5,-0.029699999999999997
curve,5,-0.03
curve,5,-0.03
curve,5,-0.03
curve,5,-0.03
curve,5,-0.03
curve,5,-0.03
curve,5,-0.03
curve,5,-0.03
curve,5,-0.03
curve,5,-0.03
curve,5,-0.03
curve,5,-0.03
curve,5,-0.03
curve,5,-0.0247
curve,5,-0.025
curve,5,-0.025
curve,5,-0.025
curve,5,-0.025
curve,5,-0.025
curve,5,-0.0197
curve,5,-0.02
curve,5,-0.02
curve,5,-0.02
curve,5,-0.02
curve,5,-0.02
curve,5,-0.02
curve,5,-0.02
curve,5,-0.02
curve,5,-0.02
curve,5,-0.02
curve,5,-0.02
curve,5,-0.02
curve,5,-0.02
curve,5,-0.0147
curve,5,-0.015
curve,5,-0.015
curve,5,-0.015
curve,5,-0.015
curve,5,-0.015
curve,5,-0.0097
curve,5,-0.01
curve,5,-0.01
curve,5,-0.01
curve,5,-0.01
curve,5,-0.01
curve,5,-0.01
curve,5,-0.01
curve,5,-0.01
curve,5,-0.01
curve,5,-0.01
curve,5,-0.01
curve,5,-0.01
curve,5,-0.01
curve,5,-0.01
curve,5,-0.01
curve,5,-0.0047
curve,5,-0.005
curve,5,-0.005
curve,5,-0.005
curve,5,-0.005
curve,5,-0.005
curve,5,0.0003
curve,5,-0.0
curve,5,-0.0
curve,5,-0.0
curve,5,-0.0
curve,5,-0.0
curve,5,-0.0
curve,5,-0.0
curve,5,-0.0
curve,5,-0.0
curve,5,-0.0
curve,5,-0.0
curve,5,-0.0
curve,5,-0.0
curve,5,-0.0
curve,5,-0.0
curve,5,-0.0
curve,5,-0.0
curve,5,-0.0
curve,5,-0.0
curve,5,0.0053
curve,5,0.005
curve,5,0.005
curve,5,0.005
curve,5,0.005
curve,5,0.005
curve,5,0.005
curve,5,0.005
curve,5,0.005
curve,5,0.005
straight,13,0.0027
straight,13,0.0027
curve,5,0.0103
curve,5,0.01
curve,5,0.01
straight,13,0.0054
curve,5,0.01
curve,5,0.01
curve,5,0.01
curve,5,0.01
curve,5,0.01
curve,5,0.01
curve,5,0.01
straight,13,0.0054
straight,13,0.0054
straight,13,0.00835
straight,13,0.0081
straight,13,0.01105
straight,13,0.0108
straight,13,0.0108
straight,13,0.0108
straight,13,0.013750000000000002
straight,13,0.013500000000000002
straight,13,0.01645
straight,13,0.0162
straight,13,0.0162
straight,13,0.0162
straight,13,0.01915
straight,13,0.0189
straight,13,0.02185
straight,13,0.0216
straight,13,0.0216
straight,13,0.0216
straight,13,0.0216
straight,13,0.0216
straight,13,0.0216
straight,13,0.0216
straight,13,0.024550000000000002
straight,13,0.024300000000000002
straight,13,0.027250000000000003
straight,13,0.027000000000000003
straight,13,0.027000000000000003
straight,13,0.027000000000000003
straight,13,0.027000000000000003
straight,13,0.027000000000000003
straight,13,0.027000000000000003
straight,13,0.027000000000000003
straight,13,0.027000000000000003
straight,13,0.027000000000000003
curve,5,0.05
curve,5,0.05
curve,5,0.05
curve,5,0.05
curve,5,0.05
curve,5,0.05
curve,5,0.05
curve,5,0.05
curve,5,0.05
curve,5,0.05
curve,5,0.05
curve,5,0.05
curve,5,0.05
curve,5,0.05
curve,5,0.05
curve,5,0.05
curve,5,0.05
curve,5,0.05
curve,5,0.05
curve,5,0.05
curve,5,0.05
curve,5,0.05
curve,5,0.05
curve,5,0.05
curve,5,0.05
curve,5,0.05
curve,5,0.05
curve,5,0.05
curve,5,0.05
